K,coverage_final_size_ge_K,N_total
10,0.7850953206239168,2308
20,0.5151646447140381,2308
50,0.2188041594454073,2308
