task,model,metric,observed_score,null_mean,null_std,p_value,n_permutations
veracity,logit,auc,0.645391115493404,0.49885542755104856,0.0184099134415736,0.0,200
reach,ols,r2,0.47214361473165045,-0.011478643000114292,0.006848580650586603,0.0,200
