window_type,window_value,coverage,n_total,N_used_veracity,N_used_reach
time,30,0.9789565979833407,2281,2233,2233
time,60,0.9868478737395879,2281,2251,2251
time,180,0.9929855326611136,2281,2265,2265
k,10,1.0,2281,2281,2281
k,20,1.0,2281,2281,2281
k,50,1.0,2281,2281,2281
